date,session_type,movement,sets,reps,load,prescribed,notes
2020-06-02,trainer,jump-rope,3,50,BW,3x50,warmup
2020-06-02,trainer,sl-db-rdl,3,10,20,3x10 (5/5) @ 20,warmup (5/5)
2020-06-02,trainer,db-step-back-lunge,3,10,15,3x10 (5/5) @ 15,warmup (5/5) — cut from @20
2020-06-02,trainer,ghd-back-extension,3,10,BW,3x10,warmup — slow controlled, no lumbar hyperextension
2020-06-02,trainer,wall-sit,3,1,30s,3x30s,warmup — cut from 45s
2020-06-02,trainer,broad-jump,3,3,BW,3x3,stick the landing
2020-06-02,trainer,back-squat,3,3,65/65/65,5x3 progressive,SUBMAX — could have done 70 cleanly (have done 75 for low reps prior); ran 3 sets vs prescribed 5; loads shared with Athlete A today
2020-06-02,trainer,front-squat,3,3,55/60/60,3x3,ramped within session — hit prescription; shared with Athlete A
2020-06-02,trainer,lateral-jump,1,6,BW,1x6,bilateral stick
2020-06-02,trainer,box-jump,3,3,36in,3x3,Athlete B at 36" box (6" taller than Athlete A)
2020-06-02,trainer,sled-push,3,1,123 (50ft),3x50ft,shared with Athlete A; heavy
2020-06-02,trainer,bulgarian-split-squat,0,0,SKIPPED,2x6/leg,acceptable — drop-if-yellow item
2020-06-02,trainer,db-rdl,3,8,30 (2x 15 DB),3x8 @ 25,progressed up from 25; shared with Athlete A; form GOOD — back stayed flat → safe to ramp
2020-06-02,trainer,pull-ups,2,sub-failure,BW (unassisted),2 sets sub-failure,Athlete B max 8 clean unassisted — READY for weighted (Wed home heavy-pull day: +5 lb dip belt / backpack 4x3-5)
2020-06-02,trainer,hollow-hold,3,1,20s,3x20s,anti-flexion core
